PF_ID,ISIN,FUND_NAME,FUND_STANDARD_NAME,FUND_LEGAL_NAME,DERIVED_CATEGORY,BROAD_CATEGORY_GROUP,RISK_GROUP_L0,UPDATED_BROAD_CATEGORY_GROUP,UPDATED_SUBCATEGORY,BM,DIR_ISIN,INVESTED_VALUE,CURRENT_VALUE,BM_VALUE,DIR_VALUE,XIRR_VALUE,BM_XIRR,DIR_XIRR,Purchase Mode,DISTRIBUTION_STATUS,% of PF,RANK,POWERRATING,RETURN_12_MONTH,RETURN_36_MONTH,RETURN_60_MONTH,MG_AS_ON_APP,ALT_ISIN_J,REG_COMMISSION,FIRST_TRANS_DATE,FIRST_TRANS_BEFORE_3_MONTHS,SIP_AMOUNT
MFU7c3ffe67448c4c848ef3dae9eaa0e56c,INF204K01HY3,Nippon India Small Cap Regular Growth,Nippon India Small Cap,,SMALL_CAP,Equity,1) Aggressive,Equity,SMALL_CAP,Nifty Smallcap 250,INF204K01K15,181963.91,725883.3532,557063.1316,771840.2842,0.219029677,0.17553121,0.229306396,Regular,Accumulated,0.02033792,6,IN_FORM,0.289087843,0.336649409,0.29540601,,,45956.93104,27-09-2016,TRUE,
MFU122ee06215ae47028524b57d8bccf34f,INF277K01451,Tata Value Fund Regular Growth,Tata Value Fund,,VALUE_AND_CONTRA,Equity,2) Balanced,Equity,VALUE_AND_CONTRA,Nifty 500,INF277K01ND1,923996.37,1257569.518,1191739.602,1289861.573,0.132955564,0.108883239,0.144440543,Regular,Accumulated,0.06253044,19,OFF_TRACK,0.244576149,0.224251422,0.179418703,,INF109K012K1,32292.05485,27-12-2022,TRUE,
MFU3a945a415ed447a080596b0f9385e5b8,INF179K01UT0,HDFC Flexi Cap Direct Growth,HDFC Flexi Cap,,FLEXI_CAP,Equity,2) Balanced,Equity,FLEXI_CAP,Nifty 500,INF179K01UT0,159990.07,220310.0335,195602.349,220310.0335,0.154718997,0.094650009,0.154718997,Direct,Accumulated,0.014161913,1,IN_FORM,0.262675536,0.275112652,0.220876172,,,2.91E-11,15-09-2023,TRUE,
MFU7c3ffe67448c4c848ef3dae9eaa0e56c,INF179K01UT0,HDFC Flexi Cap Direct Growth,HDFC Flexi Cap,,FLEXI_CAP,Equity,2) Balanced,Equity,FLEXI_CAP,Nifty 500,INF179K01UT0,519973.97,497026.3716,500219.9774,497026.3716,-0.486088074,-0.434700068,-0.486088074,Direct,Accumulated,0.013925767,1,IN_FORM,0.262675536,0.275112652,0.220876172,,,5.82E-11,22-01-2026,FALSE,
MFU0800632740ab44deaccf232a286248c1,INF966L01986,Quant ELSS Tax Saver Direct Growth,Quant ELSS Tax Saver,,ELSS_TAX_SAVINGS,Equity,2) Balanced,Equity,ELSS_TAX_SAVINGS,Nifty 500,INF966L01986,150492.36,164628.6915,160497.053,164628.6915,0.096130448,0.068014252,0.096130448,Direct,Accumulated,0.023609882,15,ON_TRACK,0.227886832,0.288002676,0.303511467,,,0,13-03-2025,TRUE,
MFU0800632740ab44deaccf232a286248c1,INF109K011O5,ICICI Prudential Large & Mid Cap Direct Growth,ICICI Prudential Large & Mid Cap,,LARGE_AND_MID_CAP,Equity,2) Balanced,Equity,LARGE_AND_MID_CAP,NIFTY LargeMidcap 250,INF109K011O5,46998.31,47170.46133,45916.36199,47170.46133,0.005284468,-0.032878139,0.005284468,Direct,Accumulated,0.006764854,1,IN_FORM,0.256889973,0.266688076,0.22572167,,,0,09-05-2025,TRUE,
MFU3a945a415ed447a080596b0f9385e5b8,INF109K011O5,ICICI Prudential Large & Mid Cap Direct Growth,ICICI Prudential Large & Mid Cap,,LARGE_AND_MID_CAP,Equity,2) Balanced,Equity,LARGE_AND_MID_CAP,NIFTY LargeMidcap 250,INF109K011O5,284982.95,409149.6205,374605.4993,409149.6205,0.163936713,0.121648483,0.163936713,Direct,Accumulated,0.02630085,1,IN_FORM,0.256889973,0.266688076,0.22572167,,,-5.82E-11,17-08-2023,TRUE,
MFU3a945a415ed447a080596b0f9385e5b8,INF179K01VK7,HDFC Focused Fund Direct Growth,HDFC Focused Fund,,FOCUSED_FUND,Equity,2) Balanced,Equity,FOCUSED_FUND,Nifty 500,INF179K01VK7,29998.49,53593.9284,46288.50714,53593.9284,0.204477938,0.14922522,0.204477938,Direct,Accumulated,0.003445111,2,IN_FORM,0.267982201,0.288718148,0.222484557,,,0,27-09-2022,TRUE,
MFU7c3ffe67448c4c848ef3dae9eaa0e56c,INF917K01QC7,HSBC Small Cap Fund Regular Growth,HSBC Small Cap Fund,,SMALL_CAP,Equity,1) Aggressive,Equity,SMALL_CAP,Nifty Smallcap 250,INF917K01QA1,121423,361444.6445,370053.1063,388674.4951,0.172199632,0.176225023,0.184665861,Regular,Accumulated,0.010127016,12,ON_TRACK,0.252845339,0.309009764,0.250884043,153626.1408,INF194KB1AL4,27229.85059,25-03-2019,TRUE,
MFU122ee06215ae47028524b57d8bccf34f,INF955L01674,Baroda BNP Paribas Multi Cap Fund Regular Growth,Baroda BNP Paribas Multi Cap Fund,,MULTI_CAP,Equity,1) Aggressive,Equity,MULTI_CAP,Nifty500 Multicap 50:25:25,INF955L01AG0,584970.96,707839.7631,712043.4884,722819.1245,0.096697641,0.099800963,0.107700524,Regular,Accumulated,0.035196091,17,OFF_TRACK,0.226179788,0.22421917,0.202957973,,INF204K01XF9,14979.36142,28-09-2022,TRUE,
MFU122ee06215ae47028524b57d8bccf34f,INF090I01FN7,Franklin India Large Cap Fund Direct Growth,Franklin India Large Cap Fund,,LARGE_CAP,Equity,3) Conservative,Equity,LARGE_CAP,Nifty 100,INF090I01FN7,809303.45,794826.2724,788383.4,794826.2724,-0.023062503,-0.033288121,-0.023062503,Direct,Accumulated,0.039521343,20,OFF_TRACK,0.17350914,0.168718037,0.156234567,,INF204K01XI3,-1.16E-10,29-05-2025,TRUE,
MFU3a945a415ed447a080596b0f9385e5b8,INF174K01LT0,Kotak Midcap Fund Direct Growth,Kotak Midcap Fund,,MID_CAP,Equity,1) Aggressive,Equity,MID_CAP,Nifty Midcap 150,INF174K01LT0,49997.48,74786.22816,72136.67082,74786.22816,0.173838199,0.157107327,0.173838199,Direct,Accumulated,0.004807389,10,ON_TRACK,0.2606645,0.268002508,0.249254814,9827.285239,INF205K01MV6,0,03-08-2023,TRUE,
MFU122ee06215ae47028524b57d8bccf34f,INF090I01171,Franklin India Large Cap Fund Regular Growth,Franklin India Large Cap Fund,,LARGE_CAP,Equity,3) Conservative,Equity,LARGE_CAP,Nifty 100,INF090I01FN7,444884.53,741189.2802,917752.6744,834973.1837,0.118177419,0.133723296,0.126668558,Regular,Accumulated,0.036854338,20,OFF_TRACK,0.163809229,0.159484139,0.147193601,162742.2363,INF204K01XI3,93783.90353,26-08-2013,TRUE,
MFU0800632740ab44deaccf232a286248c1,INF879O01019,Parag Parikh Flexi Cap Fund Regular Growth,Parag Parikh Flexi Cap Fund,,FLEXI_CAP,Equity,2) Balanced,Equity,FLEXI_CAP,Nifty 500,INF879O01027,99995.06,114806.0183,108773.9057,116180.7784,0.083431075,0.050141537,0.090894479,Regular,Accumulated,0.016464667,2,IN_FORM,0.231222906,0.218683726,0.223198454,,,1374.760078,23-08-2023,TRUE,
MFU0800632740ab44deaccf232a286248c1,INF769K01EY2,Mirae Asset Midcap Fund Regular Growth,Mirae Asset Midcap Fund,,MID_CAP,Equity,1) Aggressive,Equity,MID_CAP,Nifty Midcap 150,INF769K01FA9,249987.53,282212.0716,285863.2686,288052.2546,0.067547592,0.074948874,0.079363152,Regular,Accumulated,0.040472859,12,ON_TRACK,0.230634903,0.243824851,0.263148443,45622.27288,INF205K01MV6,5840.182983,23-08-2023,TRUE,
MFU122ee06215ae47028524b57d8bccf34f,INF903J01173,Sundaram Mid Cap Regular Growth,Sundaram Mid Cap,,MID_CAP,Equity,1) Aggressive,Equity,MID_CAP,Nifty Midcap 150,INF903J01MJ3,443721.21,972421.2505,1219305.106,1049183.61,0.163631626,0.190701441,0.172529762,Regular,Accumulated,0.048351942,11,ON_TRACK,0.282422273,0.255735435,0.200566429,,INF247L01445,76762.3591,23-06-2016,TRUE,
MFU3a945a415ed447a080596b0f9385e5b8,INF205K01MD4,Invesco India Infrastructure Direct Growth,Invesco India Infrastructure,,SECTORAL_THEMATIC_INFRASTRUCTURE,Equity,1) Aggressive,Equity,SECTORAL_THEMATIC_INFRASTRUCTURE,Nifty Infrastructure,INF205K01MD4,94995.27,130402.7755,132865.5712,130402.7755,0.150915728,0.160472483,0.150915728,Direct,Accumulated,0.008382518,9,ON_TRACK,0.342225595,0.317129443,0.272846913,,,1.46E-11,27-09-2023,TRUE,
MFU0800632740ab44deaccf232a286248c1,INF174K01187,Kotak Large & Midcap Fund Regular Growth,Kotak Large & Midcap Fund,,LARGE_AND_MID_CAP,Equity,2) Balanced,Equity,LARGE_AND_MID_CAP,NIFTY LargeMidcap 250,INF174K01LF9,99994.72,113926.7801,111270.9538,116068.6208,0.078628168,0.064026357,0.090280264,Regular,Accumulated,0.016338573,5,IN_FORM,0.225100423,0.217648848,0.197009474,,,2141.840734,23-08-2023,TRUE,
MFU122ee06215ae47028524b57d8bccf34f,INF174K01187,Kotak Large & Midcap Fund Regular Growth,Kotak Large & Midcap Fund,,LARGE_AND_MID_CAP,Equity,2) Balanced,Equity,LARGE_AND_MID_CAP,NIFTY LargeMidcap 250,INF174K01LF9,293856.09,412295.3278,630571.276,976039.3504,0.152023717,0.156192633,0.162369418,Regular,Accumulated,0.020500662,5,IN_FORM,0.225100423,0.217648848,0.197009474,,,563744.0226,24-04-2006,TRUE,
MFU3a945a415ed447a080596b0f9385e5b8,INF174K01187,Kotak Large & Midcap Fund Regular Growth,Kotak Large & Midcap Fund,,LARGE_AND_MID_CAP,Equity,2) Balanced,Equity,LARGE_AND_MID_CAP,NIFTY LargeMidcap 250,INF174K01LF9,59997.03,109810.1679,107177.8517,114666.5934,0.169062442,0.161755818,0.182208438,Regular,Accumulated,0.007058789,5,IN_FORM,0.225100423,0.217648848,0.197009474,26544.07472,INF247L01999,4856.42557,08-03-2022,TRUE,
MFU7c3ffe67448c4c848ef3dae9eaa0e56c,INF247L01999,Motilal Oswal Large and Midcap Fund Direct Growth,Motilal Oswal Large and Midcap Fund,,LARGE_AND_MID_CAP,Equity,2) Balanced,Equity,LARGE_AND_MID_CAP,NIFTY LargeMidcap 250,INF247L01999,919954.07,894268.7371,874774.5943,894268.7371,-0.199648725,-0.327524629,-0.199648725,Direct,Accumulated,0.025055769,3,IN_FORM,0.32484944,0.281081314,0.280431713,,,-1.16E-10,09-01-2026,FALSE,
MFU0800632740ab44deaccf232a286248c1,INF966L01317,Quant Liquid Plan Regular Growth,Quant Liquid Plan,,LIQUID,Capital Preservation,Debt Like,Debt,LIQUID,INF966L01317,INF966L01820,5965.08,7021.369089,6987.874643,7289.680558,0.069243687,0.068945892,0.071620023,Regular,Accumulated,0.001006955,,,0.06623647,0.057076918,0.055416602,,,268.3114686,24-08-2023,TRUE,
MFU3de1f779ad8942e2a69b43f7e8f55d23,INF879O01100,Parag Parikh ELSS Tax Saver Fund Direct Growth,Parag Parikh ELSS Tax Saver Fund,,ELSS_TAX_SAVINGS,Equity,2) Balanced,Equity,ELSS_TAX_SAVINGS,Nifty 500,INF879O01100,134993.26,129587.5926,130395.6243,129587.5926,-0.331791262,-0.289533997,-0.331791262,Direct,Accumulated,0.042027013,4,IN_FORM,0.213556496,0.229978496,0.244385557,,,0,02-02-2026,FALSE,
MFU3de1f779ad8942e2a69b43f7e8f55d23,INF843K01AO4,Edelweiss Mid Cap Fund Direct Growth,Edelweiss Mid Cap Fund,,MID_CAP,Equity,1) Aggressive,Equity,MID_CAP,Nifty Midcap 150,INF843K01AO4,300985.01,291536.1803,289106.8797,291536.1803,-0.104719278,-0.130453116,-0.104719278,Direct,Accumulated,0.094549135,4,IN_FORM,0.310198603,0.293449248,0.265760845,,,5.82E-11,19-08-2025,TRUE,
MFU3a945a415ed447a080596b0f9385e5b8,INF200K01560,SBI Midcap Fund Regular Growth,SBI Midcap Fund,,MID_CAP,Equity,1) Aggressive,Equity,MID_CAP,Nifty Midcap 150,INF200K01TP4,109994.48,184721.4888,222871.7073,190893.2004,0.14518987,0.202817222,0.155074328,Regular,Accumulated,0.011874219,19,OFF_TRACK,0.206643292,0.250311282,0.232366613,66608.1443,INF179K01XQ0,6171.71162,06-05-2022,TRUE,
MFU7c3ffe67448c4c848ef3dae9eaa0e56c,INF760K01EZ8,Canara Robeco Equity Hybrid Direct Growth,Canara Robeco Equity Hybrid,,AGGRESSIVE_ALLOCATION,Allocation,Hybrid,Hybrid,AGGRESSIVE_ALLOCATION,INF760K01EZ8,INF760K01EZ8,219989.2,334473.3939,334473.0722,334473.3939,0.101228332,0.101228088,0.101228332,Direct,Accumulated,0.009371331,17,OFF_TRACK,0.166764165,0.158512873,0.160055924,88964.41941,INF109K01Y07,-5.82E-11,17-06-2021,TRUE,
MFU0800632740ab44deaccf232a286248c1,INF247L01445,Motilal Oswal Midcap Direct Growth,Motilal Oswal Midcap,,MID_CAP,Equity,1) Aggressive,Equity,MID_CAP,Nifty Midcap 150,INF247L01445,147992.44,126980.2781,144077.6671,126980.2781,-0.326249973,-0.065236694,-0.326249973,Direct,Accumulated,0.018210613,6,IN_FORM,0.343911969,0.349365763,0.283880415,,,0,09-05-2025,TRUE,
MFU7c3ffe67448c4c848ef3dae9eaa0e56c,INF247L01445,Motilal Oswal Midcap Direct Growth,Motilal Oswal Midcap,,MID_CAP,Equity,1) Aggressive,Equity,MID_CAP,Nifty Midcap 150,INF247L01445,999949.93,831797.6312,951597.7593,831797.6312,-0.423635474,-0.136301915,-0.423635474,Direct,Accumulated,0.023305443,6,IN_FORM,0.343911969,0.349365763,0.283880415,,,0,16-09-2025,TRUE,
MFU3de1f779ad8942e2a69b43f7e8f55d23,INF247L01445,Motilal Oswal Midcap Direct Growth,Motilal Oswal Midcap,,MID_CAP,Equity,1) Aggressive,Equity,MID_CAP,Nifty Midcap 150,INF247L01445,300984.82,255633.7669,289403.0675,255633.7669,-0.437358257,-0.127157821,-0.437358257,Direct,Accumulated,0.082905496,6,IN_FORM,0.343911969,0.349365763,0.283880415,,,0,19-08-2025,TRUE,
MFU0800632740ab44deaccf232a286248c1,INF277K01FG0,Tata Retirement Savings Progressive Regular Growth,Tata Retirement Savings Progressive,,RETIREMENT,Allocation,Solution,Solution Oriented,Retirement - Aggressive,Nifty 500,INF277K01QO1,329993.01,647199.0195,787391.8689,708819.8521,0.120049091,0.157334802,0.137208142,Regular,Accumulated,0.092816705,,,0.185872383,0.157153343,0.142093591,,,61620.83267,11-12-2018,TRUE,
MFU7c3ffe67448c4c848ef3dae9eaa0e56c,INF109K01761,ICICI Prudential Multi-Asset Regular Growth,ICICI Prudential Multi-Asset,,MULTI_ASSET_ALLOCATION,Allocation,Hybrid,Hybrid,MULTI_ASSET_ALLOCATION,INF109K01761,INF109K015K4,1011310.13,1029373.339,1029372.985,1032495.502,0.040846721,0.040845911,0.047999117,Regular,Accumulated,0.028841152,4,IN_FORM,0.209132238,0.231008485,0.197755999,,,3122.162676,19-09-2025,TRUE,
MFU3a945a415ed447a080596b0f9385e5b8,INF200K01RA0,SBI Contra Direct Growth,SBI Contra,,VALUE_AND_CONTRA,Equity,2) Balanced,Equity,VALUE_AND_CONTRA,Nifty 500,INF200K01RA0,239987.91,316411.7991,303168.3511,316411.7991,0.128039868,0.107267207,0.128039868,Direct,Accumulated,0.020339502,2,IN_FORM,0.26515377,0.306895391,0.267344359,,,0,18-08-2023,TRUE,
MFU0800632740ab44deaccf232a286248c1,INF200K01RA0,SBI Contra Direct Growth,SBI Contra,,VALUE_AND_CONTRA,Equity,2) Balanced,Equity,VALUE_AND_CONTRA,Nifty 500,INF200K01RA0,46709.72,45753.00113,44766.25534,45753.00113,-0.029871237,-0.060384962,-0.029871237,Direct,Accumulated,0.006561572,2,IN_FORM,0.26515377,0.306895391,0.267344359,,,0,03-06-2025,TRUE,
MFU7c3ffe67448c4c848ef3dae9eaa0e56c,INF760K01FR2,Canara Robeco Large Cap Fund Direct Growth,Canara Robeco Large Cap Fund,,LARGE_CAP,Equity,3) Conservative,Equity,LARGE_CAP,Nifty 100,INF760K01FR2,199990.02,304349.801,293076.097,304349.801,0.108801645,0.098555451,0.108801645,Direct,Accumulated,0.008527323,8,IN_FORM,0.189678063,0.179746579,0.183844614,,,0,16-02-2022,TRUE,
MFU3a945a415ed447a080596b0f9385e5b8,INF204K01XI3,Nippon India Large Cap Direct Growth,Nippon India Large Cap,,LARGE_CAP,Equity,3) Conservative,Equity,LARGE_CAP,Nifty 100,INF204K01XI3,176991.19,235209.2374,222115.2631,235209.2374,0.129743103,0.102330114,0.129743103,Direct,Accumulated,0.015119659,1,IN_FORM,0.239012999,0.247434161,0.19799983,,,-8.73E-11,07-09-2023,TRUE,
MFU3a945a415ed447a080596b0f9385e5b8,INF179K01XQ0,HDFC Mid Cap Fund Direct Growth,HDFC Mid Cap Fund,,MID_CAP,Equity,1) Aggressive,Equity,MID_CAP,Nifty Midcap 150,INF179K01XQ0,294984.92,428915.6943,406478.5212,428915.6943,0.171152548,0.144939504,0.171152548,Direct,Accumulated,0.027571448,1,IN_FORM,0.312943987,0.305344317,0.252955859,,,5.82E-11,09-08-2023,TRUE,
MFU7c3ffe67448c4c848ef3dae9eaa0e56c,INF179K01XQ0,HDFC Mid Cap Fund Direct Growth,HDFC Mid Cap Fund,,MID_CAP,Equity,1) Aggressive,Equity,MID_CAP,Nifty Midcap 150,INF179K01XQ0,114130.12,139642.7519,131267.3614,139642.7519,0.106579961,0.072759963,0.106579961,Direct,Accumulated,0.003912534,1,IN_FORM,0.312943987,0.305344317,0.252955859,,,0,12-01-2024,TRUE,
MFU0800632740ab44deaccf232a286248c1,INF200K01222,SBI Flexicap Regular Growth,SBI Flexicap,,FLEXI_CAP,Equity,2) Balanced,Equity,FLEXI_CAP,Nifty 500,INF200K01UG1,287985.63,402141.383,449308.6096,416207.6719,0.086099493,0.116274158,0.095367046,Regular,Accumulated,0.057672273,28,OFF_TRACK,0.153024989,0.164637811,0.153717813,158913.2456,INF179K01UT0,14066.28885,14-09-2021,TRUE,
MFU7c3ffe67448c4c848ef3dae9eaa0e56c,INF179K01YM7,HDFC Short Term Debt Fund Direct Growth,HDFC Short Term Debt Fund,,SHORT_DURATION,Fixed Income,Debt Like,Debt,SHORT_DURATION,INF179K01YM7,INF179K01YM7,3199839.97,3873760.082,3873760.122,3873760.082,0.079302729,0.079302734,0.079302729,Direct,Accumulated,0.10853565,,,0.078929032,0.065218274,0.072298128,,,0,27-07-2023,TRUE,
MFU0800632740ab44deaccf232a286248c1,INF789F01XA0,UTI Nifty 50 Index Fund Direct Growth,UTI Nifty 50 Index Fund,,INDEX_LARGE_CAP,Equity,3) Conservative,Equity - Index,INDEX_LARGE_CAP,Nifty 50,INF789F01XA0,131993.59,123494.0836,123550.1752,123494.0836,-0.219841526,-0.218508765,-0.219841526,Direct,Accumulated,0.017710648,,,0.155457139,0.167216331,0.157880787,,,0,04-09-2025,TRUE,
MFU7c3ffe67448c4c848ef3dae9eaa0e56c,INF174K01NE8,Kotak Liquid Direct Growth,Kotak Liquid,,LIQUID,Capital Preservation,Debt Like,Debt,LIQUID,INF174K01NE8,INF174K01NE8,2287875.65,2551008.882,2558496.352,2551008.882,0.065696424,0.067419728,0.065696424,Direct,Accumulated,0.071474588,,,0.069880891,0.058592212,0.053886904,,,4.66E-10,26-06-2024,TRUE,
MFU3a945a415ed447a080596b0f9385e5b8,INF200K01T51,SBI Small Cap Fund Direct Growth,SBI Small Cap Fund,,SMALL_CAP,Equity,1) Aggressive,Equity,SMALL_CAP,Nifty Smallcap 250,INF200K01T51,89995.59,103522.2273,107946.6549,103522.2273,0.062095203,0.081388706,0.062095203,Direct,Accumulated,0.006654589,23,OUT_OF_FORM,0.203250507,0.253572285,0.2489265,33137.82214,INF194KB1AL4,-4.37E-11,15-09-2023,TRUE,
MFU122ee06215ae47028524b57d8bccf34f,INF277K01MN2,Tata Aggressive Hybrid Fund Direct Growth,Tata Aggressive Hybrid Fund,,AGGRESSIVE_ALLOCATION,Allocation,Hybrid,Hybrid,AGGRESSIVE_ALLOCATION,INF277K01MN2,INF277K01MN2,1602846.43,1576644.506,1576644.813,1576644.506,-0.022402756,-0.022402494,-0.022402756,Direct,Accumulated,0.078395884,24,OUT_OF_FORM,0.149452294,0.162220571,0.147148087,,INF109K01Y07,0,17-06-2025,TRUE,
MFU3a945a415ed447a080596b0f9385e5b8,INF109K01BH2,ICICI Prudential Balanced Advantage Regular Growth,ICICI Prudential Balanced Advantage,,DYNAMIC_ASSET_ALLOCATION,Allocation,Hybrid,Hybrid,DYNAMIC_ASSET_ALLOCATION,INF109K01BH2,INF109K012B0,1718244.88,1849179.479,1849180.223,1863810.421,0.068708951,0.068709317,0.075855553,Regular,Accumulated,0.118868478,4,IN_FORM,0.141160084,0.139067693,0.128672477,,,14630.94135,30-01-2018,TRUE,
MFU122ee06215ae47028524b57d8bccf34f,INF277K01303,Tata Aggressive Hybrid Fund Regular Growth,Tata Aggressive Hybrid Fund,,AGGRESSIVE_ALLOCATION,Allocation,Hybrid,Hybrid,AGGRESSIVE_ALLOCATION,INF277K01303,INF277K01MN2,82058.64,83213.4191,83233.32193,265326.6066,0.116815733,0.116816836,0.126366357,Regular,Accumulated,0.004137641,24,OUT_OF_FORM,0.138542673,0.151130452,0.135716248,32225.6624,INF109K01Y07,182113.1875,20-04-2010,TRUE,
MFU122ee06215ae47028524b57d8bccf34f,INF277K01ND1,Tata Value Fund Direct Growth,Tata Value Fund,,VALUE_AND_CONTRA,Equity,2) Balanced,Equity,VALUE_AND_CONTRA,Nifty 500,INF277K01ND1,99994.61,96247.25423,94027.75868,96247.25423,-0.077606858,-0.12209481,-0.077606858,Direct,Accumulated,0.004785726,19,OFF_TRACK,0.256588016,0.23667263,0.192813855,,INF109K012K1,-1.46E-11,21-07-2025,TRUE,
MFU3a945a415ed447a080596b0f9385e5b8,INF109K01X16,ICICI Prudential Dynamic Asset Alloc Direct Growth,ICICI Prudential Dynamic Asset Alloc,,FUND_OF_FUNDS,Allocation,Hybrid,Fund of Funds,FUND_OF_FUNDS_DYNAMIC_ASSET_ALLOCATION,INF109K01X16,INF109K01X16,149992.46,212025.7286,212025.7814,212025.7286,0.130444858,0.130444958,0.130444858,Direct,Accumulated,0.013629383,,,0.161214601,0.160912613,0.151192053,,,-2.91E-11,13-03-2023,TRUE,
MFU3a945a415ed447a080596b0f9385e5b8,INF200KA1Y40,SBI Balanced Advantage Fund Regular Growth,SBI Balanced Advantage Fund,,DYNAMIC_ASSET_ALLOCATION,Allocation,Hybrid,Hybrid,DYNAMIC_ASSET_ALLOCATION,INF200KA1Y40,INF200KA1Y73,281884.81,423154.2744,423154.2457,437050.0259,0.119802545,0.119802524,0.129907463,Regular,Accumulated,0.027201094,3,IN_FORM,0.151858658,0.13652949,,,,13895.75149,16-02-2022,TRUE,
MFU3a945a415ed447a080596b0f9385e5b8,INF200K01370,SBI Focused Fund Regular Growth,SBI Focused Fund,,FOCUSED_FUND,Equity,2) Balanced,Equity,FOCUSED_FUND,Nifty 500,INF200K01RJ1,203383.65,401614.7488,487135.4654,433857.6421,0.183363841,0.210103402,0.193806494,Regular,Accumulated,0.025816496,13,ON_TRACK,0.174663065,0.164894438,0.164996728,166905.676,INF179K01VK7,32242.89339,04-12-2019,TRUE,
MFU0800632740ab44deaccf232a286248c1,INF769K01788,Mirae Asset Liquid Fund Regular Growth,Mirae Asset Liquid Fund,,LIQUID,Capital Preservation,Debt Like,Debt,LIQUID,INF769K01788,INF769K01CM1,7061.94,8363.421778,8325.208228,9638.751011,0.060421169,0.060397447,0.061209503,Regular,Accumulated,0.001199423,,,0.06905764,0.057887536,0.05344742,,,1275.329232,11-12-2018,TRUE,
MFU7c3ffe67448c4c848ef3dae9eaa0e56c,INF204K01K15,Nippon India Small Cap Direct Growth,Nippon India Small Cap,,SMALL_CAP,Equity,1) Aggressive,Equity,SMALL_CAP,Nifty Smallcap 250,INF204K01K15,1289934.63,1285821.965,1233710.979,1285821.965,-0.002369406,-0.032679218,-0.002369406,Direct,Accumulated,0.036026372,6,IN_FORM,0.299370374,0.347928443,0.306734201,,,-2.33E-10,15-01-2024,TRUE,
MFU3de1f779ad8942e2a69b43f7e8f55d23,INF204K01K15,Nippon India Small Cap Direct Growth,Nippon India Small Cap,,SMALL_CAP,Equity,1) Aggressive,Equity,SMALL_CAP,Nifty Smallcap 250,INF204K01K15,299985.13,283597.5643,277420.7999,283597.5643,-0.181790561,-0.244337076,-0.181790561,Direct,Accumulated,0.091974534,6,IN_FORM,0.299370374,0.347928443,0.306734201,,,0,18-09-2025,TRUE,49997.5
MFU122ee06215ae47028524b57d8bccf34f,INF209K01165,Aditya BSL Large & Mid Cap Regular Growth,Aditya BSL Large & Mid Cap,,LARGE_AND_MID_CAP,Equity,2) Balanced,Equity,LARGE_AND_MID_CAP,NIFTY LargeMidcap 250,INF209K01VH8,259993.79,508109.2251,768542.663,552457.5365,0.114157862,0.163136101,0.123571996,Regular,Accumulated,0.02526484,23,OUT_OF_FORM,0.165232629,0.148480703,0.145060293,290845.9986,INF247L01999,44348.31139,20-06-2016,TRUE,
MFU3a945a415ed447a080596b0f9385e5b8,INF200K01UT4,SBI Liquid Direct Growth,SBI Liquid,,LIQUID,Capital Preservation,Debt Like,Debt,LIQUID,INF200K01UT4,INF200K01UT4,1112214.62,1308171.171,1308165.784,1308171.171,0.069626438,0.069624916,0.069626438,Direct,Accumulated,0.084091522,,,0.069615845,0.05836481,0.053930253,,,0,05-09-2023,TRUE,
MFU122ee06215ae47028524b57d8bccf34f,INF955L01AG0,Baroda BNP Paribas Multi Cap Fund Direct Growth,Baroda BNP Paribas Multi Cap Fund,,MULTI_CAP,Equity,1) Aggressive,Equity,MULTI_CAP,Nifty500 Multicap 50:25:25,INF955L01AG0,79996.09,74723.16842,74746.41071,74723.16842,-0.145531759,-0.144917614,-0.145531759,Direct,Accumulated,0.003715479,17,OFF_TRACK,0.238619552,0.236234955,0.214191591,,INF204K01XF9,0,18-08-2025,TRUE,
MFU3a945a415ed447a080596b0f9385e5b8,INF179K01WA6,HDFC Balanced Advantage Fund Direct Growth,HDFC Balanced Advantage Fund,,DYNAMIC_ASSET_ALLOCATION,Allocation,Hybrid,Hybrid,DYNAMIC_ASSET_ALLOCATION,INF179K01WA6,INF179K01WA6,742419.46,1192023.177,1192023.464,1192023.177,0.169611529,0.169611623,0.169611529,Direct,Accumulated,0.076625326,1,IN_FORM,0.228932586,0.243018269,0.196802308,,,0,22-02-2023,TRUE,
MFU3a945a415ed447a080596b0f9385e5b8,INF204K01XF9,Nippon India Multi Cap Direct Growth,Nippon India Multi Cap,,MULTI_CAP,Equity,1) Aggressive,Equity,MULTI_CAP,Nifty500 Multicap 50:25:25,INF204K01XF9,34998.1,49664.13655,47343.04145,49664.13655,0.155659647,0.133022789,0.155659647,Direct,Accumulated,0.003192497,2,IN_FORM,0.282193948,0.30476548,0.23437885,,,0,29-08-2023,TRUE,
MFU3a945a415ed447a080596b0f9385e5b8,INF174K01DS9,Kotak Midcap Fund Regular Growth,Kotak Midcap Fund,,MID_CAP,Equity,1) Aggressive,Equity,MID_CAP,Nifty Midcap 150,INF174K01LT0,288056.73,542674.1159,575587.4097,566238.1029,0.179680429,0.197931672,0.192827627,Regular,Accumulated,0.034884037,10,ON_TRACK,0.247014197,0.253266925,0.234193396,108452.1055,INF247L01445,23563.98695,16-02-2022,TRUE,
MFU7c3ffe67448c4c848ef3dae9eaa0e56c,INF174K01DS9,Kotak Midcap Fund Regular Growth,Kotak Midcap Fund,,MID_CAP,Equity,1) Aggressive,Equity,MID_CAP,Nifty Midcap 150,INF174K01LT0,1258267.08,2308652.235,2400373.785,2421319.539,0.153859305,0.164480489,0.166861859,Regular,Accumulated,0.0646842,10,ON_TRACK,0.247014197,0.253266925,0.234193396,591692.101,INF247L01445,112667.3034,01-03-2021,TRUE,
MFU122ee06215ae47028524b57d8bccf34f,INF200K01UJ5,SBI Large & Midcap Direct Growth,SBI Large & Midcap,,LARGE_AND_MID_CAP,Equity,2) Balanced,Equity,LARGE_AND_MID_CAP,NIFTY LargeMidcap 250,INF200K01UJ5,1806086.11,1854628.237,1759458.76,1854628.237,0.037105575,-0.035294757,0.037105575,Direct,Accumulated,0.092218138,8,IN_FORM,0.212798745,0.230444718,0.206896751,,,0,17-06-2025,TRUE,
MFU0800632740ab44deaccf232a286248c1,INF179K01608,HDFC Flexi Cap Regular Growth,HDFC Flexi Cap,,FLEXI_CAP,Equity,2) Balanced,Equity,FLEXI_CAP,Nifty 500,INF179K01UT0,99995.5,117568.4192,108773.9057,118951.5884,0.098383006,0.050141537,0.105803361,Regular,Accumulated,0.016860831,1,IN_FORM,0.254694197,0.267066704,0.213184197,,,1383.169275,23-08-2023,TRUE,
MFU0800632740ab44deaccf232a286248c1,INF200K01305,SBI Large & Midcap Regular Growth,SBI Large & Midcap,,LARGE_AND_MID_CAP,Equity,2) Balanced,Equity,LARGE_AND_MID_CAP,NIFTY LargeMidcap 250,INF200K01UJ5,210437.67,245423.342,234319.8087,249547.8839,0.083757759,0.057866745,0.093224525,Regular,Accumulated,0.03519688,8,IN_FORM,0.202605813,0.220523203,0.197620529,,,4124.541888,17-10-2023,TRUE,
MFU122ee06215ae47028524b57d8bccf34f,INF200K01305,SBI Large & Midcap Regular Growth,SBI Large & Midcap,,LARGE_AND_MID_CAP,Equity,2) Balanced,Equity,LARGE_AND_MID_CAP,NIFTY LargeMidcap 250,INF200K01UJ5,439883.87,912365.1323,1084319.585,1078674.773,0.160406129,0.169056406,0.16878085,Regular,Accumulated,0.045365757,8,IN_FORM,0.202605813,0.220523203,0.197620529,214732.6322,INF247L01999,166309.6407,27-06-2016,TRUE,
MFU122ee06215ae47028524b57d8bccf34f,INF0K1H01081,Samco Active Momentum Fund Direct Growth,Samco Active Momentum Fund,,SECTORAL_THEMATIC_OTHERS,Equity,1) Aggressive,Equity,SECTORAL_THEMATIC_MOMENTUM,Nifty 500,INF0K1H01081,34998.23,31145.70648,33268.78246,31145.70648,-0.188752118,-0.086643213,-0.188752118,Direct,Accumulated,0.001548666,,,0.15432406,,,,,0,19-05-2025,TRUE,
MFU3a945a415ed447a080596b0f9385e5b8,INF200K01TP4,SBI Midcap Fund Direct Growth,SBI Midcap Fund,,MID_CAP,Equity,1) Aggressive,Equity,MID_CAP,Nifty Midcap 150,INF200K01TP4,116370.21,143713.7396,156344.4771,143713.7396,0.094546083,0.13471792,0.094546083,Direct,Accumulated,0.00923817,19,OFF_TRACK,0.216989293,0.261200229,0.24333888,40567.17953,INF205K01MV6,0,04-09-2023,TRUE,
MFU7c3ffe67448c4c848ef3dae9eaa0e56c,INF760K01EI4,Canara Robeco Large and Mid Cap Fund Direct Growth,Canara Robeco Large and Mid Cap Fund,,LARGE_AND_MID_CAP,Equity,2) Balanced,Equity,LARGE_AND_MID_CAP,NIFTY LargeMidcap 250,INF760K01EI4,199990.05,306105.8253,338862.6826,306105.8253,0.110371747,0.138486611,0.110371747,Direct,Accumulated,0.008576524,20,OFF_TRACK,0.204486403,0.201395524,0.197154541,109534.5253,INF247L01999,0,16-02-2022,TRUE,
MFU0800632740ab44deaccf232a286248c1,INF769K01010,Mirae Asset Large Cap Fund Regular Growth,Mirae Asset Large Cap Fund,,LARGE_CAP,Equity,3) Conservative,Equity,LARGE_CAP,Nifty 100,INF769K01AX2,479990.32,975189.3518,1051835.582,1036908.47,0.126472773,0.140769939,0.138056806,Regular,Accumulated,0.139854759,15,ON_TRACK,0.145933344,0.152476133,0.147816953,274577.4624,INF204K01XI3,61719.11783,01-01-2019,TRUE,
MFU7c3ffe67448c4c848ef3dae9eaa0e56c,INF209K01VA3,Aditya BSL Liquid Fund Direct Growth,Aditya BSL Liquid Fund,,LIQUID,Capital Preservation,Debt Like,Debt,LIQUID,INF209K01VA3,INF209K01VA3,999949.98,1013722.974,1013722.997,1013722.974,0.062003878,0.062003984,0.062003878,Direct,Accumulated,0.028402658,,,0.070633081,0.05932507,0.054931014,,,0,18-12-2025,FALSE,
MFU3a945a415ed447a080596b0f9385e5b8,INF205K01MS2,Invesco India Multicap Direct Growth,Invesco India Multicap,,MULTI_CAP,Equity,1) Aggressive,Equity,MULTI_CAP,Nifty500 Multicap 50:25:25,INF205K01MS2,19999.03,25522.94069,26239.21516,25522.94069,0.104457998,0.11698103,0.104457998,Direct,Accumulated,0.001640659,20,OUT_OF_FORM,0.237836942,0.224848511,0.202693671,,INF204K01XF9,0,27-09-2023,TRUE,
MFU7c3ffe67448c4c848ef3dae9eaa0e56c,INF109K01V00,ICICI Prudential Credit Risk Direct Growth,ICICI Prudential Credit Risk,,CREDIT_RISK,Fixed Income,Debt Like,Debt,CREDIT_RISK,INF109K01V00,INF109K01V00,999950.01,1293071.385,1293071.368,1293071.385,0.090853876,0.090853871,0.090853876,Direct,Accumulated,0.036229488,,,0.086541737,0.077089234,0.082118911,,,0,28-03-2023,TRUE,
MFU0800632740ab44deaccf232a286248c1,INF174K01336,Kotak Flexicap Fund Regular Growth,Kotak Flexicap Fund,,FLEXI_CAP,Equity,2) Balanced,Equity,FLEXI_CAP,Nifty 500,INF174K01LS2,864772.73,1619408.44,1667272.545,1693673.447,0.144072593,0.150862325,0.154529153,Regular,Accumulated,0.232244104,21,OFF_TRACK,0.193122405,0.180004866,0.16000162,280905.8531,INF179K01UT0,74265.00705,01-01-2019,TRUE,
MFU7c3ffe67448c4c848ef3dae9eaa0e56c,INF109K01GN9,ICICI Prudential All Seasons Bond Regular Growth,ICICI Prudential All Seasons Bond,,DYNAMIC_BOND,Fixed Income,Debt Like,Debt,DYNAMIC_BOND,INF109K01GN9,INF109K016E5,999950,1239344.802,1239344.802,1265473.136,0.075305904,0.075305904,0.08292175,Regular,Accumulated,0.034724167,,,0.078318883,0.065199623,0.07334759,,,26128.33371,28-03-2023,TRUE,
MFU7c3ffe67448c4c848ef3dae9eaa0e56c,INF209K01S38,Aditya BSL Corporate Bond Direct Growth,Aditya BSL Corporate Bond,,CORPORATE_BOND,Fixed Income,Debt Like,Debt,CORPORATE_BOND,INF209K01S38,INF209K01S38,2649867.53,3166774.965,3166774.934,3166774.965,0.076839421,0.076839416,0.076839421,Direct,Accumulated,0.088727224,,,0.078438965,0.065178663,0.073056573,,,-4.66E-10,07-08-2023,TRUE,
MFU3a945a415ed447a080596b0f9385e5b8,INF174K01NE8,Kotak Liquid Direct Growth,Kotak Liquid,,LIQUID,Capital Preservation,Debt Like,Debt,LIQUID,INF174K01NE8,INF174K01NE8,1022506.14,1204860.461,1204865.508,1204860.461,0.069458954,0.06946076,0.069458954,Direct,Accumulated,0.077450529,,,0.069880891,0.058592212,0.053886904,,,0,24-09-2023,TRUE,
MFU3a945a415ed447a080596b0f9385e5b8,INF179K01YV8,HDFC Large Cap Fund Direct Growth,HDFC Large Cap Fund,,LARGE_CAP,Equity,3) Conservative,Equity,LARGE_CAP,Nifty 100,INF179K01YV8,534972.61,638474.9616,646306.6743,638474.9616,0.082237023,0.088145423,0.082237023,Direct,Accumulated,0.041042283,6,IN_FORM,0.202417261,0.214513074,0.175369146,,,2.33E-10,20-09-2023,TRUE,
MFU7c3ffe67448c4c848ef3dae9eaa0e56c,INF179KB1HP9,HDFC Liquid Direct Growth,HDFC Liquid,,LIQUID,Capital Preservation,Debt Like,Debt,LIQUID,INF179KB1HP9,INF179KB1HP9,572878.81,579617.4326,579613.6365,579617.4326,0.062000672,0.061975745,0.062000672,Direct,Accumulated,0.016239817,,,0.069701303,0.058405318,0.053835377,,,-1.16E-10,30-12-2025,FALSE,
MFU3a945a415ed447a080596b0f9385e5b8,INF205K01MV6,Invesco India Mid Cap Direct Growth,Invesco India Mid Cap,,MID_CAP,Equity,1) Aggressive,Equity,MID_CAP,Nifty Midcap 150,INF205K01MV6,44997.8,74114.7929,65268.03778,74114.7929,0.217259536,0.157803167,0.217259536,Direct,Accumulated,0.004764228,2,IN_FORM,0.313970026,0.273160563,0.247422362,,,0,10-08-2023,TRUE,
MFU122ee06215ae47028524b57d8bccf34f,INF209K01447,Aditya BSL Consumption Fund Regular Growth,Aditya BSL Consumption Fund,,SECTORAL_THEMATIC_CONSUMPTION,Equity,2) Balanced,Equity,SECTORAL_THEMATIC_CONSUMPTION,Nifty India Consumption,INF209K01WC7,2106632.85,2515510.398,2687171.771,2581425.091,0.077803741,0.108096771,0.089584793,Regular,Accumulated,0.125079345,5,ON_TRACK,0.18079519,0.188769608,0.177685456,,INF769K01BL5,65914.69261,27-12-2022,TRUE,
MFU7c3ffe67448c4c848ef3dae9eaa0e56c,INF247L01734,Motilal Oswal Liquid Fund Direct Growth,Motilal Oswal Liquid Fund,,LIQUID,Capital Preservation,Debt Like,Debt,LIQUID,INF247L01734,INF247L01734,573396.45,579771.7464,579420.9864,579771.7464,0.060010084,0.057825361,0.060010084,Direct,Accumulated,0.016244141,,,0.066024839,0.054766427,0.050386581,,,3.49E-10,31-12-2025,FALSE,
MFU0800632740ab44deaccf232a286248c1,INF769K01101,Mirae Asset Large & Midcap Fund Regular Growth,Mirae Asset Large & Midcap Fund,,LARGE_AND_MID_CAP,Equity,2) Balanced,Equity,LARGE_AND_MID_CAP,NIFTY LargeMidcap 250,INF769K01BI1,431992.78,1141006.038,1226224.236,1211567.08,0.171353545,0.185093062,0.182788894,Regular,Accumulated,0.163635015,11,ON_TRACK,0.191437787,0.192113065,0.19712485,436447.5662,INF247L01999,70561.04199,01-01-2019,TRUE,
MFU3a945a415ed447a080596b0f9385e5b8,INF179KB1MH6,HDFC Retirement Savings - Hybrid Equity Direct Growth,HDFC Retirement Savings - Hybrid Equity,,RETIREMENT,Allocation,Solution,Solution Oriented,Retirement - Aggressive,Nifty 500,INF179KB1MH6,49997.5,63107.7321,66331.2846,63107.7321,0.094113681,0.115370481,0.094113681,Direct,Accumulated,0.004056675,,,0.185294766,0.188372971,0.172888899,,,0,09-08-2023,TRUE,
MFU3a945a415ed447a080596b0f9385e5b8,INF205K01MF9,Invesco India Liquid Direct Growth,Invesco India Liquid,,LIQUID,Capital Preservation,Debt Like,Debt,LIQUID,INF205K01MF9,INF205K01MF9,685130.72,807533.9836,807407.6139,807533.9836,0.06961924,0.069553686,0.06961924,Direct,Accumulated,0.051909691,,,0.06986999,0.0582827,0.053729678,,,0,25-09-2023,TRUE,
MFU3a945a415ed447a080596b0f9385e5b8,INF109K015K4,ICICI Prudential Multi-Asset Direct Growth,ICICI Prudential Multi-Asset,,MULTI_ASSET_ALLOCATION,Allocation,Hybrid,Hybrid,MULTI_ASSET_ALLOCATION,INF109K015K4,INF109K015K4,309985.49,449557.1822,449555.8917,449557.1822,0.16709862,0.167097229,0.16709862,Direct,Accumulated,0.028898319,4,IN_FORM,0.218020259,0.239462212,0.205768971,,,1.16E-10,03-08-2023,TRUE,
MFU3de1f779ad8942e2a69b43f7e8f55d23,INF194KB1AL4,Bandhan Small Cap Fund Direct Growth,Bandhan Small Cap Fund,,SMALL_CAP,Equity,1) Aggressive,Equity,SMALL_CAP,Nifty Smallcap 250,INF194KB1AL4,300984.96,282438.4741,280158.7974,282438.4741,-0.198638442,-0.22113331,-0.198638442,Direct,Accumulated,0.091598626,2,IN_FORM,0.374019238,0.317295521,0.332998615,,,0,19-08-2025,TRUE,
MFU7c3ffe67448c4c848ef3dae9eaa0e56c,INF194KB1AL4,Bandhan Small Cap Fund Direct Growth,Bandhan Small Cap Fund,,SMALL_CAP,Equity,1) Aggressive,Equity,SMALL_CAP,Nifty Smallcap 250,INF194KB1AL4,999949.98,928780.8889,915191.5345,928780.8889,-0.182750245,-0.215154035,-0.182750245,Direct,Accumulated,0.026022736,2,IN_FORM,0.374019238,0.317295521,0.332998615,,,0,17-09-2025,TRUE,
MFU0800632740ab44deaccf232a286248c1,INF194KB1AL4,Bandhan Small Cap Fund Direct Growth,Bandhan Small Cap Fund,,SMALL_CAP,Equity,1) Aggressive,Equity,SMALL_CAP,Nifty Smallcap 250,INF194KB1AL4,98695.09,92886.65709,91227.43783,92886.65709,-0.151312644,-0.192316566,-0.151312644,Direct,Accumulated,0.013321147,2,IN_FORM,0.374019238,0.317295521,0.332998615,,,-2.91E-11,15-05-2025,TRUE,
MFU3a945a415ed447a080596b0f9385e5b8,INF179KA1RT1,HDFC Large and Mid Cap Fund Regular Growth,HDFC Large and Mid Cap Fund,,LARGE_AND_MID_CAP,Equity,2) Balanced,Equity,LARGE_AND_MID_CAP,NIFTY LargeMidcap 250,INF179KA1RQ7,129005.67,214960.8217,204028.0609,222329.1865,0.130718846,0.116606686,0.139925391,Regular,Accumulated,0.013818056,4,IN_FORM,0.244848084,0.253366835,0.214964252,,,7368.364833,14-01-2022,TRUE,
MFU7c3ffe67448c4c848ef3dae9eaa0e56c,INF179K01CR2,HDFC Mid Cap Fund Regular Growth,HDFC Mid Cap Fund,,MID_CAP,Equity,1) Aggressive,Equity,MID_CAP,Nifty Midcap 150,INF179K01XQ0,1011281.89,995434.6535,980875.2466,998238.6454,-0.035088052,-0.066711068,-0.028930385,Regular,Accumulated,0.027890252,1,IN_FORM,0.304556415,0.296654086,0.244263285,,,2803.991889,19-09-2025,TRUE,
MFU7c3ffe67448c4c848ef3dae9eaa0e56c,INF109K01654,ICICI Prudential Short Term Regular Growth,ICICI Prudential Short Term,,SHORT_DURATION,Fixed Income,Debt Like,Debt,SHORT_DURATION,INF109K01654,INF109K013N3,999949.99,1242477.353,1242477.362,1264696.09,0.076224547,0.076224549,0.082696767,Regular,Accumulated,0.034811936,,,0.076508425,0.063860375,0.069669497,,,22218.73712,28-03-2023,TRUE,
MFU122ee06215ae47028524b57d8bccf34f,INF209K01WC7,Aditya BSL Consumption Fund Direct Growth,Aditya BSL Consumption Fund,,SECTORAL_THEMATIC_CONSUMPTION,Equity,2) Balanced,Equity,SECTORAL_THEMATIC_CONSUMPTION,Nifty India Consumption,INF209K01WC7,291021.93,269753.8227,274226.8605,269753.8227,-0.108616663,-0.086101699,-0.108616663,Direct,Accumulated,0.013413036,5,ON_TRACK,0.193687504,0.202261397,0.191299567,,,5.82E-11,19-06-2025,TRUE,
MFU3a945a415ed447a080596b0f9385e5b8,INF200K01T28,SBI Small Cap Fund Regular Growth,SBI Small Cap Fund,,SMALL_CAP,Equity,1) Aggressive,Equity,SMALL_CAP,Nifty Smallcap 250,INF200K01T51,99995.11,153989.7445,175904.018,160216.4182,0.110391506,0.146664777,0.121083261,Regular,Accumulated,0.009898729,23,OUT_OF_FORM,0.191808196,0.241032014,0.235647227,68725.15622,INF194KB1AL4,6226.673715,16-04-2021,TRUE,
MFU122ee06215ae47028524b57d8bccf34f,INF174K01LF9,Kotak Large & Midcap Fund Direct Growth,Kotak Large & Midcap Fund,,LARGE_AND_MID_CAP,Equity,2) Balanced,Equity,LARGE_AND_MID_CAP,NIFTY LargeMidcap 250,INF174K01LF9,3993738.34,4040088.393,3891406.406,4040088.393,0.015934554,-0.034938646,0.015934554,Direct,Accumulated,0.200886313,5,IN_FORM,0.238717881,0.231889503,0.210999573,,INF109K011O5,0,17-06-2025,TRUE,
MFU7c3ffe67448c4c848ef3dae9eaa0e56c,INF194KB1AJ8,Bandhan Small Cap Fund Regular Growth,Bandhan Small Cap Fund,,SMALL_CAP,Equity,1) Aggressive,Equity,SMALL_CAP,Nifty Smallcap 250,INF194KB1AL4,1009739.33,931805.6524,910243.056,936623.2604,-0.168457119,-0.211994612,-0.158549216,Regular,Accumulated,0.026107485,2,IN_FORM,0.354758514,0.296819839,0.312155239,,,4817.608081,22-09-2025,TRUE,
MFU7c3ffe67448c4c848ef3dae9eaa0e56c,INF194K015G8,Bandhan Banking & PSU Fund Direct Growth,Bandhan Banking & PSU Fund,,BANKING_AND_PSU,Fixed Income,Debt Like,Debt,BANKING_AND_PSU,INF194K015G8,INF194K015G8,1999900.02,2382293.265,2382293.241,2382293.265,0.073076984,0.07307698,0.073076984,Direct,Accumulated,0.066747486,,,0.072927891,0.06025301,0.070630897,,,0,11-08-2023,TRUE,
MFU0800632740ab44deaccf232a286248c1,INF769K01BI1,Mirae Asset Large & Midcap Fund Direct Growth,Mirae Asset Large & Midcap Fund,,LARGE_AND_MID_CAP,Equity,2) Balanced,Equity,LARGE_AND_MID_CAP,NIFTY LargeMidcap 250,INF769K01BI1,107994.56,102576.3249,102692.3703,102576.3249,-0.163029973,-0.159733433,-0.163029973,Direct,Accumulated,0.014710771,11,ON_TRACK,0.20260916,0.20370366,0.209036488,,,0,04-09-2025,TRUE,
MFU3de1f779ad8942e2a69b43f7e8f55d23,INF879O01027,Parag Parikh Flexi Cap Fund Direct Growth,Parag Parikh Flexi Cap Fund,,FLEXI_CAP,Equity,2) Balanced,Equity,FLEXI_CAP,Nifty 500,INF879O01027,420978.98,403254.493,398789.6391,403254.493,-0.138677505,-0.171542623,-0.138677505,Direct,Accumulated,0.130780899,2,IN_FORM,0.24063962,0.229312278,0.234096899,,,0,19-08-2025,TRUE,
MFU0800632740ab44deaccf232a286248c1,INF879O01027,Parag Parikh Flexi Cap Fund Direct Growth,Parag Parikh Flexi Cap Fund,,FLEXI_CAP,Equity,2) Balanced,Equity,FLEXI_CAP,Nifty 500,INF879O01027,198390.12,193309.3742,190665.2906,193309.3742,-0.052956245,-0.080055261,-0.052956245,Direct,Accumulated,0.027723063,2,IN_FORM,0.24063962,0.229312278,0.234096899,,,0,11-04-2025,TRUE,
MFU7c3ffe67448c4c848ef3dae9eaa0e56c,INF879O01027,Parag Parikh Flexi Cap Fund Direct Growth,Parag Parikh Flexi Cap Fund,,FLEXI_CAP,Equity,2) Balanced,Equity,FLEXI_CAP,Nifty 500,INF879O01027,5653747.43,5794412.997,5610423.289,5794412.997,0.023435774,-0.007235884,0.023435774,Direct,Accumulated,0.16234882,2,IN_FORM,0.24063962,0.229312278,0.234096899,,,0,03-07-2024,TRUE,
MFU0800632740ab44deaccf232a286248c1,INF966L01234,Quant Multi Cap Fund Regular Growth,Quant Multi Cap Fund,,MULTI_CAP,Equity,1) Aggressive,Equity,MULTI_CAP,Nifty500 Multicap 50:25:25,INF966L01614,149992.74,135781.9453,163956.3903,138808.8,-0.05006231,0.046900992,-0.039184654,Regular,Accumulated,0.019472886,18,OFF_TRACK,0.179470922,0.238893408,0.25692346,45260.66457,INF174KA1HV3,3026.854716,17-10-2023,TRUE,
MFU3de1f779ad8942e2a69b43f7e8f55d23,INF209K01VP1,Aditya BSL Arbitrage Fund Direct Growth,Aditya BSL Arbitrage Fund,,ARBITRAGE_FUND,Alternative Strategies,Debt Like,Hybrid,ARBITRAGE_FUND,Nifty 50 Arbitrage,INF209K01VP1,1399930.01,1437387.641,,1437387.641,0.072325706,,0.072325706,Direct,Accumulated,0.466164297,4,IN_FORM,0.076399218,0.063520809,0.059339374,,,0,06-10-2025,TRUE,
MFU122ee06215ae47028524b57d8bccf34f,INF109K012B0,ICICI Prudential Balanced Advantage Direct Growth,ICICI Prudential Balanced Advantage,,DYNAMIC_ASSET_ALLOCATION,Allocation,Hybrid,Hybrid,DYNAMIC_ASSET_ALLOCATION,INF109K012B0,INF109K012B0,2703844.63,2767655.094,2767655.099,2767655.094,0.032401076,0.032401079,0.032401076,Direct,Accumulated,0.137616798,4,IN_FORM,0.148207691,0.146271118,0.135787848,,,0,17-06-2025,TRUE,
MFU122ee06215ae47028524b57d8bccf34f,INF903J01MJ3,Sundaram Mid Cap Direct Growth,Sundaram Mid Cap,,MID_CAP,Equity,1) Aggressive,Equity,MID_CAP,Nifty Midcap 150,INF903J01MJ3,495301.78,495091.6129,483063.3946,495091.6129,-0.000586665,-0.034175543,-0.000586665,Direct,Accumulated,0.024617563,11,ON_TRACK,0.292909191,0.267050661,0.210651256,,INF205K01MV6,0,17-06-2025,TRUE,
MFU3a945a415ed447a080596b0f9385e5b8,INF109K012K1,ICICI Prudential Value Fund Direct Growth,ICICI Prudential Value Fund,,VALUE_AND_CONTRA,Equity,2) Balanced,Equity,VALUE_AND_CONTRA,Nifty 500,INF109K012K1,314983.57,426189.2695,389505.3411,426189.2695,0.142555592,0.098236369,0.142555592,Direct,Accumulated,0.027396189,1,IN_FORM,0.250774046,0.265861991,0.232055933,,,1.16E-10,11-08-2023,TRUE,
MFU3a945a415ed447a080596b0f9385e5b8,INF179K01830,HDFC Balanced Advantage Fund Regular Growth,HDFC Balanced Advantage Fund,,DYNAMIC_ASSET_ALLOCATION,Allocation,Hybrid,Hybrid,DYNAMIC_ASSET_ALLOCATION,INF179K01830,INF179K01WA6,2534389.02,3109151.179,3109157.865,3153098.323,0.124428238,0.124429354,0.131714073,Regular,Accumulated,0.199861654,1,IN_FORM,0.22125058,0.235225411,0.189228778,,,43947.14466,01-11-2021,TRUE,
MFU0800632740ab44deaccf232a286248c1,INF789F01AF7,UTI Value Fund Regular IDCW,UTI Value Fund,,VALUE_AND_CONTRA,Equity,2) Balanced,Equity,VALUE_AND_CONTRA,Nifty 500,INF789F01VB2,111445.89,266025.669,283307.1674,315003.5939,0.118005182,0.127058653,0.14247866,Regular,Income,0.03815152,18,OFF_TRACK,0.21585122,0.202268577,0.183996482,113512.6946,INF200K01RA0,48977.92493,02-05-2018,TRUE,
MFU7c3ffe67448c4c848ef3dae9eaa0e56c,INF223J01AU8,PGIM India Global Equity Opps FoF Regular Growth,PGIM India Global Equity Opps FoF,,GLOBAL_OTHER,Equity,Global,Global Funds,GLOBAL_OTHERS,INF223J01AU8,INF223J01NF2,59997.03,100013.8342,102215.5103,108431.6763,-0.02417293,-0.020064374,-0.008826161,Regular,Accumulated,0.002802204,,,0.215845316,0.080467311,0.14095573,,,8417.842095,08-12-2020,TRUE,
MFUbcb2304143e94a7f82d238ea5d11bce9,INF903J01PR9,Sundaram large and Mid Cap Direct Growth,Sundaram large and Mid Cap,,LARGE_AND_MID_CAP,Equity,2) Balanced,Equity,LARGE_AND_MID_CAP,NIFTY LargeMidcap 250,INF903J01PR9,296064.47,423008.8912,439682.0157,423008.8912,0.137753171,0.14950288,0.137753171,Direct,Accumulated,0.07806755,17,OFF_TRACK,0.202526785,0.204416205,0.1837374,66943.52785,INF109K011O5,-1.75E-10,09-12-2019,TRUE,
MFUbcb2304143e94a7f82d238ea5d11bce9,INF109K01Y07,ICICI Prudential Equity & Debt Direct Growth,ICICI Prudential Equity & Debt,,AGGRESSIVE_ALLOCATION,Allocation,Hybrid,Hybrid,AGGRESSIVE_ALLOCATION,INF109K01Y07,INF109K01Y07,9999.6,9733.37277,9733.282236,9733.37277,-0.297560331,-0.297646258,-0.297560331,Direct,Accumulated,0.001796323,1,IN_FORM,0.223063001,0.244263306,0.213091783,,,0,09-02-2026,FALSE,4999.75
MFUbcb2304143e94a7f82d238ea5d11bce9,INF200K01TP4,SBI Midcap Fund Direct Growth,SBI Midcap Fund,,MID_CAP,Equity,1) Aggressive,Equity,MID_CAP,Nifty Midcap 150,INF200K01TP4,10776.46,64992.16795,70232.52964,64992.16795,0.164939702,0.172640155,0.164939702,Direct,Accumulated,0.011994498,20,OFF_TRACK,0.216989293,0.261200229,0.24333888,19049.80593,INF179K01XQ0,0,20-06-2014,TRUE,
MFUbcb2304143e94a7f82d238ea5d11bce9,INF194KB1AL4,Bandhan Small Cap Fund Direct Growth,Bandhan Small Cap Fund,,SMALL_CAP,Equity,1) Aggressive,Equity,SMALL_CAP,Nifty Smallcap 250,INF194KB1AL4,19999.03,18872.68753,18788.37499,18872.68753,-0.313628894,-0.333586642,-0.313628894,Direct,Accumulated,0.003483011,2,IN_FORM,0.374019238,0.317295521,0.332998615,,,0,01-12-2025,TRUE,4999.75
MFUbcb2304143e94a7f82d238ea5d11bce9,INF179K01XQ0,HDFC Mid Cap Fund Direct Growth,HDFC Mid Cap Fund,,MID_CAP,Equity,1) Aggressive,Equity,MID_CAP,Nifty Midcap 150,INF179K01XQ0,165783.35,1001719.576,901239.0939,1001719.576,0.196209601,0.185980985,0.196209601,Direct,Accumulated,0.184870328,1,IN_FORM,0.312943987,0.305344317,0.252955859,,,-1.16E-10,21-01-2013,TRUE,4999.75
MFUbcb2304143e94a7f82d238ea5d11bce9,INF789FC12T1,UTI Nifty Next 50 Index Direct Growth,UTI Nifty Next 50 Index,,INDEX_LARGE_CAP_NEXT_FIFTY,Equity,3) Conservative,Equity - Index,INDEX_LARGE_CAP_NEXT_FIFTY,Nifty Next 50,INF789FC12T1,144992.76,252879.8397,256873.9991,252879.8397,0.131821887,0.135750399,0.131821887,Direct,Accumulated,0.046669727,7,IN_FORM,0.240149153,0.193931657,0.180501544,,,0,10-08-2020,TRUE,
MFUbcb2304143e94a7f82d238ea5d11bce9,INF903J01MJ3,Sundaram Mid Cap Direct Growth,Sundaram Mid Cap,,MID_CAP,Equity,1) Aggressive,Equity,MID_CAP,Nifty Midcap 150,INF903J01MJ3,36000.09,236700.4478,262488.3449,236700.4478,0.173489095,0.183787834,0.173489095,Direct,Accumulated,0.043683772,9,ON_TRACK,0.292909191,0.267050661,0.210651256,,,-2.91E-11,25-01-2013,TRUE,
MFUbcb2304143e94a7f82d238ea5d11bce9,INF204K01XF9,Nippon India Multi Cap Direct Growth,Nippon India Multi Cap,,MULTI_CAP,Equity,1) Aggressive,Equity,MULTI_CAP,Nifty500 Multicap 50:25:25,INF204K01XF9,204939.04,432448.7217,396846.5876,432448.7217,0.164019232,0.154732284,0.164019232,Direct,Accumulated,0.079809698,2,IN_FORM,0.282193948,0.30476548,0.23437885,,,0,28-01-2013,TRUE,
MFUbcb2304143e94a7f82d238ea5d11bce9,INF200K01T51,SBI Small Cap Fund Direct Growth,SBI Small Cap Fund,,SMALL_CAP,Equity,1) Aggressive,Equity,SMALL_CAP,Nifty Smallcap 250,INF200K01T51,315967.28,382927.9471,438661.3876,382927.9471,0.158503039,0.178163187,0.158503039,Direct,Accumulated,0.070670492,23,OUT_OF_FORM,0.203250507,0.253572285,0.2489265,124052.7393,INF194KB1AL4,0,17-09-2018,TRUE,
MFUbcb2304143e94a7f82d238ea5d11bce9,INF247L01999,Motilal Oswal Large and Midcap Fund Direct Growth,Motilal Oswal Large and Midcap Fund,,LARGE_AND_MID_CAP,Equity,2) Balanced,Equity,LARGE_AND_MID_CAP,NIFTY LargeMidcap 250,INF247L01999,34998.24,33341.47013,32462.42869,33341.47013,-0.248328062,-0.359156495,-0.248328062,Direct,Accumulated,0.006153268,5,IN_FORM,0.32484944,0.281081314,0.280431713,,,0,01-12-2025,TRUE,9999.5
MFUbcb2304143e94a7f82d238ea5d11bce9,INF879O01027,Parag Parikh Flexi Cap Fund Direct Growth,Parag Parikh Flexi Cap Fund,,FLEXI_CAP,Equity,2) Balanced,Equity,FLEXI_CAP,Nifty 500,INF879O01027,199990.01,192156.4039,188124.9789,192156.4039,-0.469593543,-0.621142817,-0.469593543,Direct,Accumulated,0.035463036,2,IN_FORM,0.24063962,0.229312278,0.234096899,,,0,02-03-2026,FALSE,
MFUbcb2304143e94a7f82d238ea5d11bce9,INF204K01K15,Nippon India Small Cap Direct Growth,Nippon India Small Cap,,SMALL_CAP,Equity,1) Aggressive,Equity,SMALL_CAP,Nifty Smallcap 250,INF204K01K15,244019.33,525498.5437,437378.8986,525498.5437,0.23096185,0.183835054,0.23096185,Direct,Accumulated,0.09698232,6,IN_FORM,0.299370374,0.347928443,0.306734201,,,-1.16E-10,27-08-2018,TRUE,2999.85
MFUbcb2304143e94a7f82d238ea5d11bce9,INF179K01608,HDFC Flexi Cap Regular Growth,HDFC Flexi Cap,,FLEXI_CAP,Equity,2) Balanced,Equity,FLEXI_CAP,Nifty 500,INF179K01UT0,16727.09,123443.0788,88017.73758,172268.7483,0.141361074,0.135905105,0.148246023,Regular,Accumulated,0.022781787,1,IN_FORM,0.254694197,0.267066704,0.213184197,,,48825.6695,19-07-2010,TRUE,
MFUbcb2304143e94a7f82d238ea5d11bce9,INF740K01PX1,DSP Midcap Fund Direct Growth,DSP Midcap Fund,,MID_CAP,Equity,1) Aggressive,Equity,MID_CAP,Nifty Midcap 150,INF740K01PX1,225802.6,379373.9294,469240.6049,379373.9294,0.156566737,0.199948491,0.156566737,Direct,Accumulated,0.070014588,25,OFF_TRACK,0.234235179,0.19506209,0.18714488,104926.2239,INF205K01MV6,-1.16E-10,10-09-2018,TRUE,
MFUbcb2304143e94a7f82d238ea5d11bce9,INF200K01UG1,SBI Flexicap Direct Growth,SBI Flexicap,,FLEXI_CAP,Equity,2) Balanced,Equity,FLEXI_CAP,Nifty 500,INF200K01UG1,224955.63,354532.6339,383899.5516,354532.6339,0.12099862,0.135960577,0.12099862,Direct,Accumulated,0.065430053,29,OFF_TRACK,0.162212789,0.174817407,0.164387454,92444.74816,INF179K01UT0,-5.82E-11,15-11-2016,TRUE,
MFUbcb2304143e94a7f82d238ea5d11bce9,INF179K01UT0,HDFC Flexi Cap Direct Growth,HDFC Flexi Cap,,FLEXI_CAP,Equity,2) Balanced,Equity,FLEXI_CAP,Nifty 500,INF179K01UT0,99995.63,93056.64311,94062.48945,93056.64311,-0.680567463,-0.621142817,-0.680567463,Direct,Accumulated,0.01717388,1,IN_FORM,0.262675536,0.275112652,0.220876172,,,0,02-03-2026,FALSE,
MFUbcb2304143e94a7f82d238ea5d11bce9,INF760K01EI4,Canara Robeco Large and Mid Cap Fund Direct Growth,Canara Robeco Large and Mid Cap Fund,,LARGE_AND_MID_CAP,Equity,2) Balanced,Equity,LARGE_AND_MID_CAP,NIFTY LargeMidcap 250,INF760K01EI4,166994.24,277281.5418,294832.55,277281.5418,0.13859642,0.155358212,0.13859642,Direct,Accumulated,0.051173134,19,OFF_TRACK,0.204486403,0.201395524,0.197154541,54732.02894,INF194K01V89,0,10-08-2018,TRUE,
MFUbcb2304143e94a7f82d238ea5d11bce9,INF179K01CR2,HDFC Mid Cap Fund Regular Growth,HDFC Mid Cap Fund,,MID_CAP,Equity,1) Aggressive,Equity,MID_CAP,Nifty Midcap 150,INF179K01XQ0,13697.49,144470.8304,94818.44141,172846.8876,0.179040016,0.165203096,0.185811446,Regular,Accumulated,0.026662522,1,IN_FORM,0.304556415,0.296654086,0.244263285,,,28376.05721,25-06-2007,TRUE,
MFUbcb2304143e94a7f82d238ea5d11bce9,INF769K01BI1,Mirae Asset Large & Midcap Fund Direct Growth,Mirae Asset Large & Midcap Fund,,LARGE_AND_MID_CAP,Equity,2) Balanced,Equity,LARGE_AND_MID_CAP,NIFTY LargeMidcap 250,INF769K01BI1,215990.21,350348.8577,360545.1108,350348.8577,0.145672914,0.15436392,0.145672914,Direct,Accumulated,0.064657924,11,ON_TRACK,0.20260916,0.20370366,0.209036488,,INF247L01999,5.82E-11,10-08-2018,TRUE,
MFUbcb2304143e94a7f82d238ea5d11bce9,INF204K01489,Nippon India Multi Cap Regular Growth,Nippon India Multi Cap,,MULTI_CAP,Equity,1) Aggressive,Equity,MULTI_CAP,Nifty500 Multicap 50:25:25,INF204K01XF9,12000,81968.95169,79280.44849,90423.25301,0.153505778,0.150650562,0.161951071,Regular,Accumulated,0.015127614,2,IN_FORM,0.272715988,0.295446924,0.225609674,,,8454.301324,30-07-2012,TRUE,
MFUbcb2304143e94a7f82d238ea5d11bce9,INF200K01370,SBI Focused Fund Regular Growth,SBI Focused Fund,,FOCUSED_FUND,Equity,2) Balanced,Equity,FOCUSED_FUND,Nifty 500,INF200K01RJ1,5428.57,39741.85026,-3866.777102,61789.24648,0.170739922,0.149518896,0.179431202,Regular,Accumulated,0.007334477,11,ON_TRACK,0.174663065,0.164894438,0.164996728,16491.51232,INF179K01VK7,22047.39622,03-07-2012,TRUE,
MFUf5625b488dff44ca91d0d9650e2c1891,INF03VN01530,WhiteOak Capital Flexi Cap Fund Direct Growth,WhiteOak Capital Flexi Cap Fund,,FLEXI_CAP,Equity,2) Balanced,Equity,FLEXI_CAP,Nifty 500,INF03VN01530,499974.99,442496.0183,448520.6279,442496.0183,-0.297970271,-0.269922916,-0.297970271,Direct,Accumulated,0.084547594,5,IN_FORM,0.255074528,,,,,0,20-11-2025,TRUE,
MFUf5625b488dff44ca91d0d9650e2c1891,INF205K01189,Invesco India Contra Regular Growth,Invesco India Contra,,VALUE_AND_CONTRA,Equity,2) Balanced,Equity,VALUE_AND_CONTRA,Nifty 500,INF205K01LE4,59997.06,94425.00312,88828.12662,98429.5335,0.132818971,0.114049582,0.145738933,Regular,Accumulated,0.01804176,7,ON_TRACK,0.235832887,0.211627356,0.188701237,,,4004.530377,20-08-2021,TRUE,
MFUf67db7ad85da45e0b254459f1ab25d03,INF846K01K35,Axis Small Cap Fund Direct Growth,Axis Small Cap Fund,,SMALL_CAP,Equity,1) Aggressive,Equity,SMALL_CAP,Nifty Smallcap 250,INF846K01K35,89496.23,89929.6923,83060.24862,89929.6923,0.003145865,-0.047508313,0.003145865,Direct,Accumulated,0.024719986,9,ON_TRACK,0.233352445,0.271442784,0.271330192,,,1.46E-11,15-11-2023,TRUE,
MFUf67db7ad85da45e0b254459f1ab25d03,INF204K01XI3,Nippon India Large Cap Direct Growth,Nippon India Large Cap,,LARGE_CAP,Equity,3) Conservative,Equity,LARGE_CAP,Nifty 100,INF204K01XI3,245987.47,227188.8401,225354.6961,227188.8401,-0.264342945,-0.28717154,-0.264342945,Direct,Accumulated,0.062449953,1,IN_FORM,0.239012999,0.247434161,0.19799983,,,0,12-11-2025,TRUE,
MFUf5625b488dff44ca91d0d9650e2c1891,INF754K01TA2,Edelweiss Business Cycle Fund Direct Growth,Edelweiss Business Cycle Fund,,SECTORAL_THEMATIC_OTHERS,Equity,1) Aggressive,Equity,SECTORAL_THEMATIC_BUSINESS_CYCLE,Nifty 500,INF754K01TA2,99995,85735.713,93153.72245,85735.713,-0.088641588,-0.041854615,-0.088641588,Direct,Accumulated,0.016381499,,,,,,,,0,29-07-2024,TRUE,
MFUf5625b488dff44ca91d0d9650e2c1891,INF194KB1AL4,Bandhan Small Cap Fund Direct Growth,Bandhan Small Cap Fund,,SMALL_CAP,Equity,1) Aggressive,Equity,SMALL_CAP,Nifty Smallcap 250,INF194KB1AL4,199989.99,179372.8998,175357.9629,179372.8998,-0.246976177,-0.290132954,-0.246976177,Direct,Accumulated,0.034272731,2,IN_FORM,0.374019238,0.317295521,0.332998615,,,0,06-11-2025,TRUE,
MFUf67db7ad85da45e0b254459f1ab25d03,INF194KB1AL4,Bandhan Small Cap Fund Direct Growth,Bandhan Small Cap Fund,,SMALL_CAP,Equity,1) Aggressive,Equity,SMALL_CAP,Nifty Smallcap 250,INF194KB1AL4,285275.9,264324.1345,260982.562,264324.1345,-0.244435778,-0.275570021,-0.244435778,Direct,Accumulated,0.072657749,2,IN_FORM,0.374019238,0.317295521,0.332998615,,,-1.16E-10,25-08-2025,TRUE,
MFUf5625b488dff44ca91d0d9650e2c1891,INF109K01Y07,ICICI Prudential Equity & Debt Direct Growth,ICICI Prudential Equity & Debt,,AGGRESSIVE_ALLOCATION,Allocation,Hybrid,Hybrid,AGGRESSIVE_ALLOCATION,INF109K01Y07,INF109K01Y07,499974.77,472924.514,472924.7275,472924.514,-0.12658776,-0.126586801,-0.12658776,Direct,Accumulated,0.090361558,1,IN_FORM,0.223063001,0.244263306,0.213091783,,,0,27-10-2025,TRUE,
MFUf67db7ad85da45e0b254459f1ab25d03,INF204K01K15,Nippon India Small Cap Direct Growth,Nippon India Small Cap,,SMALL_CAP,Equity,1) Aggressive,Equity,SMALL_CAP,Nifty Smallcap 250,INF204K01K15,129993.54,123707.9939,119293.1045,123707.9939,-0.044638206,-0.076546576,-0.044638206,Direct,Accumulated,0.034005008,6,IN_FORM,0.299370374,0.347928443,0.306734201,,,0,06-02-2024,TRUE,4999.75
MFUf5625b488dff44ca91d0d9650e2c1891,INF03VN01597,WhiteOak Capital Mid Cap Fund Direct Growth,WhiteOak Capital Mid Cap Fund,,MID_CAP,Equity,1) Aggressive,Equity,MID_CAP,Nifty Midcap 150,INF03VN01597,99995,91545.3834,92527.69061,91545.3834,-0.232128115,-0.207212859,-0.232128115,Direct,Accumulated,0.017491551,3,IN_FORM,0.335795804,,,,,0,24-11-2025,TRUE,
MFUf5625b488dff44ca91d0d9650e2c1891,INF247L01957,Motilal Oswal Nifty 500 Fund Direct Growth,Motilal Oswal Nifty 500 Fund,,INDEX_TOTAL_MARKET,Equity,2) Balanced,Equity - Index,INDEX_TOTAL_MARKET,Nifty 500,INF247L01957,67996.68,67129.32303,67272.15701,67129.32303,-0.010561198,-0.008817774,-0.010561198,Direct,Accumulated,0.012826381,2,IN_FORM,0.189384484,0.190847186,0.198815566,,,0,28-11-2023,TRUE,
MFU54f3b50705154de99af2bd733f79d909,INF0R8701046,Helios Flexi Cap Fund Direct Growth,Helios Flexi Cap Fund,,FLEXI_CAP,Equity,2) Balanced,Equity,FLEXI_CAP,Nifty 500,INF0R8701046,569971.49,552289.5656,542555.0492,552289.5656,-0.061751744,-0.095310679,-0.061751744,Direct,Accumulated,0.016119194,,,0.137124157,,,,,0,17-03-2025,TRUE,
MFU54f3b50705154de99af2bd733f79d909,INF205K01KR8,Invesco India Arbitrage Direct Growth,Invesco India Arbitrage,,ARBITRAGE_FUND,Alternative Strategies,Debt Like,Hybrid,ARBITRAGE_FUND,INF205K01KR8,INF205K01KR8,20708964.47,21124082.68,21124082.74,21124082.68,0.069382081,0.06938209,0.069382081,Direct,Accumulated,0.616530182,1,IN_FORM,0.078410823,0.066509463,0.061156655,,,-7.45E-09,02-12-2025,TRUE,
MFUf5625b488dff44ca91d0d9650e2c1891,INF209K01XA9,Aditya BSL Medium Term Direct Growth,Aditya BSL Medium Term,,MEDIUM_DURATION,Fixed Income,Debt Like,Debt,MEDIUM_DURATION,INF209K01XA9,INF209K01XA9,999950.01,1033245.833,1033245.826,1033245.833,0.085945456,0.085945437,0.085945456,Direct,Accumulated,0.197422,,,0.120504007,0.135801803,0.104534534,,,0,27-10-2025,TRUE,
MFUf5625b488dff44ca91d0d9650e2c1891,INF109K013N3,ICICI Prudential Short Term Direct Growth,ICICI Prudential Short Term,,SHORT_DURATION,Fixed Income,Debt Like,Debt,SHORT_DURATION,INF109K013N3,INF109K013N3,104994.76,108120.4707,108120.4647,108120.4707,0.054306236,0.05430613,0.054306236,Direct,Accumulated,0.020658549,,,0.083280982,0.071179553,0.077336069,,,0,04-09-2025,TRUE,
MFUf67db7ad85da45e0b254459f1ab25d03,INF179K01UT0,HDFC Flexi Cap Direct Growth,HDFC Flexi Cap,,FLEXI_CAP,Equity,2) Balanced,Equity,FLEXI_CAP,Nifty 500,INF179K01UT0,209991.65,201400.2126,199804.5436,201400.2126,-0.118266675,-0.139449718,-0.118266675,Direct,Accumulated,0.055361142,1,IN_FORM,0.262675536,0.275112652,0.220876172,,,2.91E-11,11-08-2025,TRUE,
MFUf67db7ad85da45e0b254459f1ab25d03,INF740K01185,DSP ELSS Tax Saver Regular Growth,DSP ELSS Tax Saver,,ELSS_TAX_SAVINGS,Equity,2) Balanced,Equity,ELSS_TAX_SAVINGS,Nifty 500,INF740K01OK1,219993.18,437940.3381,403281.397,461890.5186,0.145876453,0.128725036,0.156927696,Regular,Accumulated,0.120381588,3,IN_FORM,0.229907242,0.216490875,0.198543677,,,23950.18052,18-01-2017,TRUE,1999.9
MFUf5625b488dff44ca91d0d9650e2c1891,INF879O01027,Parag Parikh Flexi Cap Fund Direct Growth,Parag Parikh Flexi Cap Fund,,FLEXI_CAP,Equity,2) Balanced,Equity,FLEXI_CAP,Nifty 500,INF879O01027,68496.88,71329.87859,67825.03772,71329.87859,0.033386424,-0.008010879,0.033386424,Direct,Accumulated,0.01362898,2,IN_FORM,0.24063962,0.229312278,0.234096899,,,0,28-11-2023,TRUE,
MFU54f3b50705154de99af2bd733f79d909,INF879O01027,Parag Parikh Flexi Cap Fund Direct Growth,Parag Parikh Flexi Cap Fund,,FLEXI_CAP,Equity,2) Balanced,Equity,FLEXI_CAP,Nifty 500,INF879O01027,4541079.21,7583857.09,6519539.028,7583857.09,0.168743883,0.134463273,0.168743883,Direct,Accumulated,0.221343424,2,IN_FORM,0.24063962,0.229312278,0.234096899,,INF179K01UT0,0,01-10-2018,TRUE,
MFUf67db7ad85da45e0b254459f1ab25d03,INF879O01027,Parag Parikh Flexi Cap Fund Direct Growth,Parag Parikh Flexi Cap Fund,,FLEXI_CAP,Equity,2) Balanced,Equity,FLEXI_CAP,Nifty 500,INF879O01027,485976.09,533967.3438,507626.8999,533967.3438,0.077467504,0.035666889,0.077467504,Direct,Accumulated,0.146777612,2,IN_FORM,0.24063962,0.229312278,0.234096899,,,0,19-09-2022,TRUE,
MFUf5625b488dff44ca91d0d9650e2c1891,INF579M01878,360 ONE Focused Fund Regular Growth,360 ONE Focused Fund,,FOCUSED_FUND,Equity,2) Balanced,Equity,FOCUSED_FUND,Nifty 500,INF579M01902,54997.32,79320.16289,81429.35534,82271.19968,0.104986593,0.112875133,0.115980503,Regular,Accumulated,0.015155682,7,IN_FORM,0.198178435,0.200931385,0.206494943,,,2951.036789,23-08-2021,TRUE,
MFUf67db7ad85da45e0b254459f1ab25d03,INF760K01EF0,Canara Robeco Flexi Cap Fund Direct Growth,Canara Robeco Flexi Cap Fund,,FLEXI_CAP,Equity,2) Balanced,Equity,FLEXI_CAP,Nifty 500,INF760K01EF0,31998.44,30338.13447,26330.21293,30338.13447,0.078340541,0.069602145,0.078340541,Direct,Accumulated,0.008339384,19,ON_TRACK,0.188183979,0.183149596,0.184999986,,INF879O01027,1.46E-11,19-09-2022,TRUE,
MFUf67db7ad85da45e0b254459f1ab25d03,INF179K01XQ0,HDFC Mid Cap Fund Direct Growth,HDFC Mid Cap Fund,,MID_CAP,Equity,1) Aggressive,Equity,MID_CAP,Nifty Midcap 150,INF179K01XQ0,126993.67,128304.939,128056.1828,128304.939,0.660751792,0.509204122,0.660751792,Direct,Accumulated,0.035268622,1,IN_FORM,0.312943987,0.305344317,0.252955859,,,0,10-03-2026,FALSE,
MFUf5625b488dff44ca91d0d9650e2c1891,INF204KB18Z7,Nippon India Nifty Midcap 150 Index Fund Direct Growth,Nippon India Nifty Midcap 150 Index Fund,,INDEX_MID_CAP,Equity,1) Aggressive,Equity - Index,INDEX_MID_CAP,Nifty Midcap 150,INF204KB18Z7,61279.6,62143.5452,62410.19351,62143.5452,0.011922917,0.01558737,0.011922917,Direct,Accumulated,0.01187375,8,IN_FORM,0.278256872,0.243588075,,,,1.46E-11,28-11-2023,TRUE,
MFUf5625b488dff44ca91d0d9650e2c1891,INF760K01100,Canara Robeco ELSS Tax Saver Fund Regular Growth,Canara Robeco ELSS Tax Saver Fund,,ELSS_TAX_SAVINGS,Equity,2) Balanced,Equity,ELSS_TAX_SAVINGS,Nifty 500,INF760K01EL8,19999,27231.42737,30931.91071,30719.66072,0.128287922,0.14141496,0.140673709,Regular,Accumulated,0.005203101,21,ON_TRACK,0.17583658,0.179415031,0.186113134,6391.679394,INF200K01UM9,3488.233348,20-09-2021,TRUE,
MFUf67db7ad85da45e0b254459f1ab25d03,INF247L01AV1,Motilal Oswal Nifty 200 Momt 30 Idx Fd Direct Growth,Motilal Oswal Nifty 200 Momt 30 Idx Fd,,INDEX_MOMENTUM,Equity,2) Balanced,Equity - Index,INDEX_MOMENTUM,Nifty200 Momentum 30,INF247L01AV1,120285.19,105866.0755,107105.8231,105866.0755,-0.108798455,-0.101611079,-0.108798455,Direct,Accumulated,0.029100599,6,ON_TRACK,0.255593466,0.176817647,,,,0,23-07-2024,TRUE,
MFUf5625b488dff44ca91d0d9650e2c1891,INF22M001093,JioBlackRock Flexi Cap Fund Direct Growth,JioBlackRock Flexi Cap Fund,,FLEXI_CAP,Equity,2) Balanced,Equity,FLEXI_CAP,Nifty 500,INF22M001093,199990,183720.9743,183014.4952,183720.9743,-0.198454863,-0.20646593,-0.198454863,Direct,Accumulated,0.035103517,,,,,,,,0,06-11-2025,TRUE,
MFUf5625b488dff44ca91d0d9650e2c1891,INF109K016L0,ICICI Prudential Large Cap Fund Direct Growth,ICICI Prudential Large Cap Fund,,LARGE_CAP,Equity,3) Conservative,Equity,LARGE_CAP,Nifty 100,INF109K016L0,299985,289717.4285,280765.359,289717.4285,-0.022208408,-0.041800531,-0.022208408,Direct,Accumulated,0.05535623,3,IN_FORM,0.21670853,0.213526577,0.186766904,,,0,06-09-2024,TRUE,
MFUf67db7ad85da45e0b254459f1ab25d03,INF109K016L0,ICICI Prudential Large Cap Fund Direct Growth,ICICI Prudential Large Cap Fund,,LARGE_CAP,Equity,3) Conservative,Equity,LARGE_CAP,Nifty 100,INF109K016L0,47997.42,46373.888,45633.16356,46373.888,-0.035772156,-0.052189042,-0.035772156,Direct,Accumulated,0.012747312,3,IN_FORM,0.21670853,0.213526577,0.186766904,,,7.28E-12,19-08-2024,TRUE,
MFUf5625b488dff44ca91d0d9650e2c1891,INF109KC1R14,ICICI Prudential Flexicap Fund Direct Growth,ICICI Prudential Flexicap Fund,,FLEXI_CAP,Equity,2) Balanced,Equity,FLEXI_CAP,Nifty 500,INF109KC1R14,72496.56,75264.55708,72863.49542,75264.55708,0.028985441,0.003874979,0.028985441,Direct,Accumulated,0.014380778,3,IN_FORM,0.232564808,0.210005381,,,,0,28-11-2023,TRUE,
MFUf67db7ad85da45e0b254459f1ab25d03,INF109K012K1,ICICI Prudential Value Fund Direct Growth,ICICI Prudential Value Fund,,VALUE_AND_CONTRA,Equity,2) Balanced,Equity,VALUE_AND_CONTRA,Nifty 500,INF109K012K1,126993.62,127347.6696,127817.897,127347.6696,0.147623083,0.377002742,0.147623083,Direct,Accumulated,0.035005487,2,IN_FORM,0.250774046,0.265861991,0.232055933,,,0,13-03-2026,FALSE,
MFUf67db7ad85da45e0b254459f1ab25d03,INF200K01RA0,SBI Contra Direct Growth,SBI Contra,,VALUE_AND_CONTRA,Equity,2) Balanced,Equity,VALUE_AND_CONTRA,Nifty 500,INF200K01RA0,175991.34,179384.3358,178029.5259,179384.3358,0.013584082,0.008176628,0.013584082,Direct,Accumulated,0.049309391,3,IN_FORM,0.26515377,0.306895391,0.267344359,,,0,22-09-2023,TRUE,
MFUf5625b488dff44ca91d0d9650e2c1891,INF109KC1Q80,ICICI Prudential Flexicap Fund Regular Growth,ICICI Prudential Flexicap Fund,,FLEXI_CAP,Equity,2) Balanced,Equity,FLEXI_CAP,Nifty 500,INF109KC1R14,199990,354982.25,330177.7958,374581.27,0.130051685,0.112743799,0.143066215,Regular,Accumulated,0.067826362,3,IN_FORM,0.219745272,0.196492966,,,,19599.02,17-07-2021,TRUE,
MFUf67db7ad85da45e0b254459f1ab25d03,INF200K01RP8,SBI Gold Direct Growth,SBI Gold,,COMMODITY_GOLD,Real Assets,Gold & Silver,Precious Metals,COMMODITY_GOLD,INF200K01RP8,INF200K01RP8,251709.63,314815.7548,314815.7649,314815.7548,0.536864991,0.536865082,0.536864991,Direct,Accumulated,0.086536949,5,IN_FORM,0.260266795,0.148845487,0.147622275,,,0,15-01-2025,TRUE,
MFU54f3b50705154de99af2bd733f79d909,INF247L01718,Motilal Oswal Nasdaq 100 Fund of Fund Direct Growth,Motilal Oswal Nasdaq 100 Fund of Fund,,GLOBAL_OTHER,Equity,Global,Global Funds,GLOBAL_US_NASDAQ,INF247L01718,INF247L01718,1099944.98,2622911.545,2622911.601,2622911.545,0.320597616,0.320597625,0.320597616,Direct,Accumulated,0.076552632,,,0.300662098,0.186156936,0.229672207,,,0,11-01-2023,TRUE,
MFUf5625b488dff44ca91d0d9650e2c1891,INF200KA1Y40,SBI Balanced Advantage Fund Regular Growth,SBI Balanced Advantage Fund,,DYNAMIC_ASSET_ALLOCATION,Allocation,Hybrid,Hybrid,DYNAMIC_ASSET_ALLOCATION,INF200KA1Y40,INF200KA1Y73,199990,307092.6446,307092.6446,320879.9552,0.098395087,0.098395087,0.109001842,Regular,Accumulated,0.058676108,3,IN_FORM,0.151858658,0.13652949,,,,13787.3106,31-08-2021,TRUE,
MFUf5625b488dff44ca91d0d9650e2c1891,INF579M01902,360 ONE Focused Fund Direct Growth,360 ONE Focused Fund,,FOCUSED_FUND,Equity,2) Balanced,Equity,FOCUSED_FUND,Nifty 500,INF579M01902,68496.55,66882.59773,67718.89433,66882.59773,-0.019609551,-0.00942202,-0.019609551,Direct,Accumulated,0.01277924,7,IN_FORM,0.209822577,0.213281394,0.220359608,,,0,15-11-2023,TRUE,
MFUf67db7ad85da45e0b254459f1ab25d03,INF846K01S29,Axis Nifty 100 Index Fund Direct Growth,Axis Nifty 100 Index Fund,,INDEX_LARGE_CAP,Equity,3) Conservative,Equity - Index,INDEX_LARGE_CAP,Nifty 50,INF846K01S29,23498.82,21790.15907,20709.56608,21790.15907,0.073991559,0.07122854,0.073991559,Direct,Accumulated,0.005989706,27,ON_TRACK,0.163033245,0.168075615,0.175330932,,,7.28E-12,19-09-2022,TRUE,
MFUf5625b488dff44ca91d0d9650e2c1891,INF082J01093,Quantum Diversified Eq All Cp Act FOF Direct Growth,Quantum Diversified Eq All Cp Act FOF,,FUND_OF_FUNDS,Allocation,3) Conservative,Fund of Funds,FUND_OF_FUNDS_OTHERS,INF082J01093,INF082J01093,45497.64,47195.7174,47195.89961,47195.7174,0.022959165,0.022961608,0.022959165,Direct,Accumulated,0.009017673,,,0.192922599,0.178986104,0.159520622,,,0,28-11-2023,TRUE,
MFUf67db7ad85da45e0b254459f1ab25d03,INF205K01MV6,Invesco India Mid Cap Direct Growth,Invesco India Mid Cap,,MID_CAP,Equity,1) Aggressive,Equity,MID_CAP,Nifty Midcap 150,INF205K01MV6,151992.28,152161.6503,152252.8989,152161.6503,0.054566673,0.085177793,0.054566673,Direct,Accumulated,0.041826385,2,IN_FORM,0.313970026,0.273160563,0.247422362,,,2.91E-11,10-03-2026,FALSE,
MFUf5625b488dff44ca91d0d9650e2c1891,INF205K01MV6,Invesco India Mid Cap Direct Growth,Invesco India Mid Cap,,MID_CAP,Equity,1) Aggressive,Equity,MID_CAP,Nifty Midcap 150,INF205K01MV6,499974.93,443132.3589,467045.9592,443132.3589,-0.250178138,-0.150012283,-0.250178138,Direct,Accumulated,0.084669179,2,IN_FORM,0.313970026,0.273160563,0.247422362,,,0,24-10-2025,TRUE,
MFUf5625b488dff44ca91d0d9650e2c1891,INF200KA1Y73,SBI Balanced Advantage Fund Direct Growth,SBI Balanced Advantage Fund,,DYNAMIC_ASSET_ALLOCATION,Allocation,Hybrid,Hybrid,DYNAMIC_ASSET_ALLOCATION,INF200KA1Y73,INF200KA1Y73,72496.49,78031.46204,78031.4798,78031.46204,0.057418622,0.057418803,0.057418622,Direct,Accumulated,0.01490945,3,IN_FORM,0.162418465,0.14722539,,,,0,28-11-2023,TRUE,
MFUf67db7ad85da45e0b254459f1ab25d03,INF846K013D2,Axis Nifty 50 Index Fund Direct Growth,Axis Nifty 50 Index Fund,,INDEX_LARGE_CAP,Equity,3) Conservative,Equity - Index,INDEX_LARGE_CAP,Nifty 50,INF846K013D2,177833.58,199170.4357,199948.9774,199170.4357,0.06051643,0.062446492,0.06051643,Direct,Accumulated,0.054748219,5,IN_FORM,0.155279537,0.136403234,,,,2.91E-11,19-09-2022,TRUE,
MFU54f3b50705154de99af2bd733f79d909,INF205K01LE4,Invesco India Contra Direct Growth,Invesco India Contra,,VALUE_AND_CONTRA,Equity,2) Balanced,Equity,VALUE_AND_CONTRA,Nifty 500,INF205K01LE4,199989.97,187121.0376,187649.7016,187121.0376,-0.596922832,-0.581065776,-0.596922832,Direct,Accumulated,0.005461339,7,ON_TRACK,0.249720033,0.226083406,0.203035867,,,2.91E-11,20-02-2026,FALSE,
MFUf5625b488dff44ca91d0d9650e2c1891,INF205K01LE4,Invesco India Contra Direct Growth,Invesco India Contra,,VALUE_AND_CONTRA,Equity,2) Balanced,Equity,VALUE_AND_CONTRA,Nifty 500,INF205K01LE4,68496.8,67800.97314,67718.89433,67800.97314,-0.008425362,-0.00942202,-0.008425362,Direct,Accumulated,0.012954713,7,ON_TRACK,0.249720033,0.226083406,0.203035867,,,0,15-11-2023,TRUE,
MFUf67db7ad85da45e0b254459f1ab25d03,INF179KC1DU7,HDFC Silver ETF Fund of Fund Direct Growth,HDFC Silver ETF Fund of Fund,,COMMODITY_SILVER,Real Assets,Gold & Silver,Precious Metals,COMMODITY_SILVER,INF179KC1DU7,INF179KC1DU7,128493.56,113191.9145,113191.9357,113191.9145,-0.504902706,-0.504902191,-0.504902706,Direct,Accumulated,0.031114335,2,IN_FORM,0.338378713,,,,,0,05-01-2026,FALSE,
MFUf5625b488dff44ca91d0d9650e2c1891,INF846K01EI1,Axis Short Duration Direct Growth,Axis Short Duration,,SHORT_DURATION,Fixed Income,Debt Like,Debt,SHORT_DURATION,INF846K01EI1,INF846K01EI1,499975.01,504850.314,505199.0683,504850.314,0.028740594,0.030817103,0.028740594,Direct,Accumulated,0.096461612,,,0.079325334,0.065343826,0.072326647,,,0,21-11-2025,TRUE,
MFU54f3b50705154de99af2bd733f79d909,INF769K01HH0,Mirae Asset NYSE FANG+ ETF FoF Direct Growth,Mirae Asset NYSE FANG+ ETF FoF,,GLOBAL_OTHER,Equity,Global,Global Funds,GLOBAL_US_NASDAQ,INF769K01HH0,INF769K01HH0,549972.5,2192590.599,2192590.601,2192590.599,0.485708616,0.485708616,0.485708616,Direct,Accumulated,0.06399323,,,0.566980168,0.384663065,,,,0,01-09-2022,TRUE,
MFUf67db7ad85da45e0b254459f1ab25d03,INF179K01WA6,HDFC Balanced Advantage Fund Direct Growth,HDFC Balanced Advantage Fund,,DYNAMIC_ASSET_ALLOCATION,Allocation,Hybrid,Hybrid,DYNAMIC_ASSET_ALLOCATION,INF179K01WA6,INF179K01WA6,158993.2,165800.6815,165799.5332,165800.6815,0.032819443,0.032813965,0.032819443,Direct,Accumulated,0.045575499,1,IN_FORM,0.228932586,0.243018269,0.196802308,,,5.82E-11,22-09-2023,TRUE,
MFUf67db7ad85da45e0b254459f1ab25d03,INF247L01445,Motilal Oswal Midcap Direct Growth,Motilal Oswal Midcap,,MID_CAP,Equity,1) Aggressive,Equity,MID_CAP,Nifty Midcap 150,INF247L01445,204989.77,174930.3532,190084.4263,174930.3532,-0.445718174,-0.244773959,-0.445718174,Direct,Accumulated,0.048085074,17,OFF_TRACK,0.343911969,0.349365763,0.283880415,,INF179K01XQ0,-2.91E-11,08-12-2025,TRUE,
